business_id,name,address,city,state,postal_code,latitude,longitude,stars,review_count,is_open,attributes,categories,hours
2pYUBcNkUxD1Bg8FA5lCzg,Rocca,323 W Palm Ave,Tampa,FL,33602,27.9624335356,-82.4651832125,4.5,144,1,"{'Corkage': 'True', 'RestaurantsReservations': 'True', 'HasTV': 'True', 'RestaurantsTableService': 'True', 'BYOB': 'True', 'GoodForMeal': ""{u'breakfast': None, u'brunch': None, u'lunch': None, u'dinner': None, u'latenight': None, u'dessert': True}"", 'BikeParking': 'True', 'RestaurantsPriceRange2': '3', 'BusinessAcceptsCreditCards': 'True', 'WiFi': ""u'free'"", 'DogsAllowed': 'False', 'BusinessParking': ""{u'valet': False, u'garage': False, u'street': True, u'lot': False, u'validated': None}"", 'OutdoorSeating': 'False', 'Caters': 'False', 'NoiseLevel': ""u'average'"", 'RestaurantsAttire': ""u'dressy'"", 'Ambience': ""{'touristy': False, 'hipster': False, 'romantic': False, 'divey': False, 'intimate': False, 'trendy': False, 'upscale': False, 'classy': True, 'casual': False}"", 'Alcohol': ""u'full_bar'"", 'RestaurantsTakeOut': 'None', 'WheelchairAccessible': 'True', 'RestaurantsDelivery': 'None'}","Italian, Restaurants","{'Tuesday': '17:0-22:0', 'Wednesday': '17:0-22:0', 'Thursday': '17:0-22:0', 'Friday': '17:0-23:0', 'Saturday': '17:0-23:0', 'Sunday': '17:0-22:0'}"
R_Wi9jh57H_OzzAVWO71Bw,Psomi,701 N Howard Ave,Tampa,FL,33606,27.950161,-82.482754,4.5,280,1,"{'WiFi': ""u'free'"", 'Caters': 'True', 'Corkage': 'True', 'RestaurantsPriceRange2': '2', 'DogsAllowed': 'True', 'WheelchairAccessible': 'True', 'BikeParking': 'True', 'BusinessParking': ""{'garage': False, 'street': True, 'validated': False, 'lot': True, 'valet': False}"", 'RestaurantsReservations': 'True', 'HasTV': 'False', 'Alcohol': ""u'full_bar'"", 'OutdoorSeating': 'True', 'RestaurantsDelivery': 'True', 'NoiseLevel': ""u'average'"", 'HappyHour': 'False', 'RestaurantsTableService': 'True', 'Ambience': ""{'touristy': False, 'hipster': False, 'romantic': False, 'divey': False, 'intimate': False, 'trendy': False, 'upscale': False, 'classy': True, 'casual': False}"", 'BusinessAcceptsCreditCards': 'True', 'RestaurantsTakeOut': 'True', 'BYOB': 'False'}","Mediterranean, Breakfast & Brunch, Bagels, Restaurants, Food, Bakeries, Greek","{'Monday': '0:0-0:0', 'Wednesday': '8:0-15:0', 'Thursday': '8:0-15:0', 'Friday': '8:0-15:0', 'Saturday': '8:0-15:0', 'Sunday': '8:0-15:0'}"
yiN9dBRcABtQ3FuqodAZbQ,Mad Dogs & Englishmen,4115 S Macdill Ave,Tampa,FL,33611,27.9046781,-82.4941124,4.0,218,1,"{'WiFi': ""u'no'"", 'RestaurantsReservations': 'True', 'RestaurantsPriceRange2': '2', 'RestaurantsGoodForGroups': 'True', 'HasTV': 'True', 'OutdoorSeating': 'True', 'RestaurantsDelivery': 'False', 'BusinessParking': ""{'garage': False, 'street': False, 'validated': False, 'lot': True, 'valet': False}"", 'BusinessAcceptsCreditCards': 'True', 'RestaurantsAttire': ""'casual'"", 'BYOBCorkage': ""'no'"", 'Alcohol': ""u'beer_and_wine'"", 'Caters': 'True', 'RestaurantsTakeOut': 'True', 'NoiseLevel': ""u'average'"", 'GoodForKids': 'True', 'GoodForMeal': ""{'dessert': False, 'latenight': None, 'lunch': True, 'dinner': True, 'brunch': None, 'breakfast': False}"", 'BikeParking': 'True', 'HappyHour': 'True', 'Ambience': ""{u'divey': False, u'hipster': False, u'casual': True, u'touristy': False, u'trendy': None, u'intimate': False, u'romantic': False, u'classy': False, u'upscale': False}"", 'CoatCheck': 'False', 'RestaurantsTableService': 'True'}","Restaurants, British, American (New)","{'Monday': '11:30-23:0', 'Tuesday': '11:30-23:0', 'Wednesday': '11:30-23:0', 'Thursday': '11:30-23:0', 'Friday': '11:30-23:0', 'Saturday': '10:0-23:0', 'Sunday': '10:0-23:0'}"
tkY5BJVXxUmP4jsKavkf2g,Big Ray's Fish Camp,6116 Interbay Blvd,Tampa,FL,33611,27.8791768124,-82.4952822636,4.5,653,1,"{'RestaurantsDelivery': 'None', 'BusinessAcceptsCreditCards': 'True', 'RestaurantsReservations': 'False', 'WheelchairAccessible': 'True', 'WiFi': ""u'free'"", 'BusinessAcceptsBitcoin': 'False', 'GoodForKids': 'True', 'NoiseLevel': ""'average'"", 'DriveThru': 'False', 'OutdoorSeating': 'None', 'BusinessParking': ""{'garage': False, 'street': False, 'validated': False, 'lot': True, 'valet': False}"", 'DogsAllowed': 'True', 'HasTV': 'False', 'RestaurantsAttire': ""'casual'"", 'Caters': 'True', 'HappyHour': 'False', 'RestaurantsGoodForGroups': 'True', 'RestaurantsPriceRange2': '2', 'RestaurantsTableService': 'False', 'Alcohol': ""'beer_and_wine'"", 'BikeParking': 'False', 'GoodForMeal': ""{u'breakfast': False, u'brunch': False, u'lunch': True, u'dinner': True, u'latenight': False, u'dessert': None}"", 'RestaurantsTakeOut': 'None', 'Ambience': ""{u'divey': True, u'hipster': None, u'casual': True, u'touristy': False, u'trendy': False, u'intimate': False, u'romantic': False, u'classy': False, u'upscale': False}""}","Sandwiches, Seafood, Restaurants, Burgers","{'Tuesday': '11:0-16:0', 'Wednesday': '17:0-21:0', 'Thursday': '17:0-21:0', 'Friday': '11:0-21:0', 'Saturday': '11:0-21:0', 'Sunday': '11:0-20:0'}"
7nLhB3qajGwq4HvOCsGT5A,IL Ritorno,"449 Central Ave, Ste 101",St Petersburg,FL,33701,27.7713426,-82.6395139,4.5,252,1,"{'BusinessAcceptsCreditCards': 'True', 'RestaurantsPriceRange2': '3', 'WiFi': ""'no'"", 'NoiseLevel': ""u'average'"", 'RestaurantsTableService': 'True', 'Caters': 'True', 'BikeParking': 'True', 'RestaurantsReservations': 'True', 'BusinessParking': ""{'garage': False, 'street': True, 'validated': False, 'lot': False, 'valet': False}"", 'Alcohol': ""u'beer_and_wine'"", 'HasTV': 'False', 'RestaurantsGoodForGroups': 'True', 'DogsAllowed': 'False', 'RestaurantsAttire': ""u'dressy'"", 'HappyHour': 'True', 'WheelchairAccessible': 'True', 'GoodForKids': 'False', 'Ambience': ""{'touristy': False, 'hipster': False, 'romantic': None, 'divey': False, 'intimate': True, 'trendy': True, 'upscale': None, 'classy': True, 'casual': None}"", 'RestaurantsTakeOut': 'True', 'GoodForMeal': ""{u'breakfast': False, u'brunch': False, u'lunch': False, u'dinner': True, u'latenight': False, u'dessert': None}"", 'OutdoorSeating': 'None', 'RestaurantsDelivery': 'None'}","Italian, Event Planning & Services, Caterers, Restaurants, Food","{'Tuesday': '17:0-21:0', 'Wednesday': '17:0-21:0', 'Thursday': '17:0-21:0', 'Friday': '17:0-22:0', 'Saturday': '17:0-22:0'}"
hV0rmTB2S2fYzjQKlHtKuw,Haven,2208 W Morrison Ave,Tampa,FL,33606,27.9335369,-82.482729,4.0,372,1,"{'DogsAllowed': 'True', 'WiFi': ""u'free'"", 'BusinessAcceptsCreditCards': 'True', 'RestaurantsPriceRange2': '3', 'RestaurantsReservations': 'True', 'WheelchairAccessible': 'True', 'CoatCheck': 'False', 'Alcohol': ""'full_bar'"", 'RestaurantsTableService': 'True', 'NoiseLevel': ""'average'"", 'GoodForMeal': ""{'dessert': None, 'latenight': False, 'lunch': False, 'dinner': True, 'brunch': False, 'breakfast': False}"", 'BusinessParking': ""{'garage': False, 'street': False, 'validated': False, 'lot': False, 'valet': True}"", 'Smoking': ""u'outdoor'"", 'BYOB': 'False', 'Ambience': ""{'touristy': False, 'hipster': False, 'romantic': None, 'divey': False, 'intimate': None, 'trendy': True, 'upscale': None, 'classy': True, 'casual': False}"", 'GoodForKids': 'False', 'RestaurantsGoodForGroups': 'True', 'GoodForDancing': 'False', 'BusinessAcceptsBitcoin': 'False', 'HappyHour': 'True', 'Corkage': 'True', 'Caters': 'True', 'RestaurantsAttire': ""'dressy'"", 'BestNights': ""{'monday': False, 'tuesday': False, 'friday': True, 'wednesday': False, 'thursday': True, 'sunday': False, 'saturday': True}"", 'OutdoorSeating': 'True', 'Music': ""{'dj': False}"", 'RestaurantsDelivery': 'True', 'HasTV': 'True', 'BikeParking': 'True', 'RestaurantsTakeOut': 'True', 'ByAppointmentOnly': 'False'}","Nightlife, Event Planning & Services, Restaurants, Bars, Venues & Event Spaces, American (New), Wine Bars, Cocktail Bars, Tapas/Small Plates","{'Monday': '0:0-0:0', 'Tuesday': '17:0-21:0', 'Wednesday': '17:0-21:0', 'Thursday': '17:0-21:0', 'Friday': '16:0-22:0', 'Saturday': '17:0-22:0'}"
u_OKSYmOEpjhLCD1ZsoEDA,Restaurant BT,2507 S MacDill Ave,Tampa,FL,33629,27.9226374,-82.4939091,4.5,217,1,"{'BusinessAcceptsCreditCards': 'True', 'RestaurantsPriceRange2': '3', 'RestaurantsGoodForGroups': 'True', 'OutdoorSeating': 'True', 'GoodForKids': 'False', 'RestaurantsReservations': 'True', 'HasTV': 'False', 'RestaurantsTakeOut': 'True', 'Caters': 'True', 'BYOBCorkage': ""'no'"", 'BusinessParking': ""{'garage': False, 'street': False, 'validated': False, 'lot': True, 'valet': False}"", 'Ambience': ""{'romantic': False, 'intimate': False, 'classy': True, 'hipster': False, 'divey': False, 'touristy': False, 'trendy': False, 'upscale': False, 'casual': False}"", 'RestaurantsAttire': ""u'dressy'"", 'NoiseLevel': ""u'quiet'"", 'WiFi': ""u'free'"", 'WheelchairAccessible': 'True', 'RestaurantsTableService': 'True', 'BikeParking': 'True', 'GoodForMeal': ""{'dessert': False, 'latenight': False, 'lunch': False, 'dinner': True, 'brunch': False, 'breakfast': False}"", 'Alcohol': ""u'beer_and_wine'"", 'RestaurantsDelivery': 'True'}","American (New), Vietnamese, French, Restaurants","{'Monday': '0:0-0:0', 'Tuesday': '17:0-22:0', 'Wednesday': '17:0-22:0', 'Thursday': '17:0-22:0', 'Friday': '17:0-23:0', 'Saturday': '17:0-23:0'}"
s29wxFmnoRdckDjwmPi1RA,Sushi Sho Rexley,214 2nd St N,Saint Petersburg,FL,33701,27.7739625,-82.6357933,4.5,121,1,"{'RestaurantsReservations': 'True', 'RestaurantsDelivery': 'None', 'NoiseLevel': ""u'quiet'"", 'Ambience': ""{'touristy': False, 'hipster': None, 'romantic': None, 'divey': False, 'intimate': True, 'trendy': True, 'upscale': True, 'classy': True, 'casual': None}"", 'RestaurantsTakeOut': 'None', 'WiFi': ""'no'"", 'HasTV': 'True', 'GoodForKids': 'False', 'GoodForMeal': ""{'dessert': None, 'latenight': None, 'lunch': None, 'dinner': True, 'brunch': None, 'breakfast': None}"", 'RestaurantsPriceRange2': '3', 'BusinessAcceptsCreditCards': 'True', 'RestaurantsGoodForGroups': 'False', 'BusinessParking': ""{u'valet': False, u'garage': True, u'street': True, u'lot': None, u'validated': False}""}","Restaurants, Sushi Bars","{'Wednesday': '17:0-22:0', 'Thursday': '17:0-22:0', 'Friday': '17:0-23:0', 'Saturday': '17:0-23:0', 'Sunday': '17:0-22:0'}"
c7ZxVUJVjEOe9hLhvKGnDA,Noble Rice,807 W Platt St,Tampa,FL,33606,27.9418113,-82.4681587528,4.0,218,0,"{'RestaurantsGoodForGroups': 'False', 'Alcohol': ""u'beer_and_wine'"", 'GoodForKids': 'False', 'RestaurantsTableService': 'True', 'RestaurantsPriceRange2': '2', 'RestaurantsReservations': 'True', 'BusinessAcceptsCreditCards': 'True', 'RestaurantsDelivery': 'None', 'RestaurantsAttire': ""'casual'"", 'WheelchairAccessible': 'True', 'WiFi': ""'no'"", 'DogsAllowed': 'False', 'Caters': 'False', 'GoodForMeal': ""{'dessert': False, 'latenight': False, 'lunch': False, 'dinner': True, 'brunch': False, 'breakfast': False}"", 'HasTV': 'False', 'BusinessAcceptsBitcoin': 'False', 'BusinessParking': ""{'garage': False, 'street': True, 'validated': False, 'lot': True, 'valet': False}"", 'BikeParking': 'True', 'NoiseLevel': ""u'average'"", 'OutdoorSeating': 'None', 'RestaurantsTakeOut': 'None', 'Ambience': ""{'touristy': False, 'hipster': None, 'romantic': None, 'divey': False, 'intimate': None, 'trendy': True, 'upscale': False, 'classy': None, 'casual': None}""}","Restaurants, Sushi Bars, Izakaya, Tapas/Small Plates, Japanese, Ramen","{'Monday': '0:0-0:0', 'Wednesday': '17:30-21:30', 'Thursday': '17:30-21:30', 'Friday': '17:30-21:30', 'Saturday': '17:30-21:30', 'Sunday': '17:30-20:30'}"
_XQ4oMVJwWWSK36eLMgLyw,Bistro BT,4267 Henderson Blvd,Tampa,FL,33629,27.9252077,-82.5159444,4.0,78,1,"{'Alcohol': ""u'beer_and_wine'"", 'WiFi': ""u'free'"", 'Ambience': ""{'touristy': False, 'hipster': False, 'romantic': False, 'divey': False, 'intimate': False, 'trendy': False, 'upscale': False, 'classy': True, 'casual': True}"", 'WheelchairAccessible': 'True', 'HasTV': 'False', 'RestaurantsReservations': 'False', 'RestaurantsAttire': ""'casual'"", 'BusinessAcceptsBitcoin': 'False', 'BusinessParking': ""{'garage': False, 'street': False, 'validated': False, 'lot': True, 'valet': False}"", 'DogsAllowed': 'True', 'RestaurantsTakeOut': 'True', 'NoiseLevel': ""u'quiet'"", 'HappyHour': 'False', 'OutdoorSeating': 'True', 'RestaurantsTableService': 'True', 'BikeParking': 'True', 'GoodForMeal': ""{'dessert': False, 'latenight': False, 'lunch': True, 'dinner': True, 'brunch': False, 'breakfast': False}"", 'GoodForKids': 'True', 'Caters': 'True', 'BusinessAcceptsCreditCards': 'True', 'RestaurantsPriceRange2': '2', 'RestaurantsGoodForGroups': 'True', 'RestaurantsDelivery': 'True'}","French, Desserts, Asian Fusion, Food, Modern European, Restaurants, Vietnamese, Adult, Shopping","{'Monday': '17:0-21:0', 'Tuesday': '17:0-21:0', 'Wednesday': '17:0-21:0', 'Thursday': '17:0-21:0', 'Friday': '17:0-21:30', 'Saturday': '17:0-21:30'}"
oF3QPsczR9ZiXPK89tdJaA,Yummy House,2202 W Waters Ave,Tampa,FL,33604,28.025082,-82.481491,4.0,372,0,"{'Caters': 'False', 'RestaurantsAttire': ""'casual'"", 'Ambience': ""{'romantic': False, 'intimate': False, 'touristy': False, 'hipster': False, 'divey': False, 'classy': False, 'trendy': False, 'upscale': False, 'casual': True}"", 'NoiseLevel': ""u'average'"", 'HasTV': 'False', 'GoodForKids': 'True', 'BikeParking': 'False', 'RestaurantsDelivery': 'False', 'Alcohol': ""u'none'"", 'WiFi': ""u'no'"", 'RestaurantsTakeOut': 'True', 'RestaurantsReservations': 'False', 'RestaurantsGoodForGroups': 'True', 'BusinessParking': ""{'garage': False, 'street': False, 'validated': False, 'lot': True, 'valet': False}"", 'BusinessAcceptsCreditCards': 'True', 'RestaurantsPriceRange2': '2', 'GoodForMeal': ""{'dessert': False, 'latenight': False, 'lunch': True, 'dinner': True, 'brunch': False, 'breakfast': False}"", 'OutdoorSeating': 'False'}","Chinese, Restaurants","{'Monday': '17:0-21:30', 'Tuesday': '17:0-21:30', 'Wednesday': '17:0-21:30', 'Thursday': '17:0-21:30', 'Friday': '17:0-21:30', 'Saturday': '17:0-21:30', 'Sunday': '17:0-21:30'}"
9JrZDH4Mq0BXQ2GYIJmo-g,OLIVIA,3601 W Swann Ave,Tampa,FL,33609,27.9377725,-82.5019869,4.5,545,1,"{'WheelchairAccessible': 'True', 'Corkage': 'True', 'CoatCheck': 'False', 'BusinessParking': ""{'garage': False, 'street': False, 'validated': False, 'lot': True, 'valet': True}"", 'Alcohol': ""u'full_bar'"", 'OutdoorSeating': 'False', 'Caters': 'False', 'DogsAllowed': 'False', 'RestaurantsTableService': 'True', 'HasTV': 'False', 'BusinessAcceptsCreditCards': 'True', 'RestaurantsTakeOut': 'False', 'HappyHour': 'False', 'Ambience': ""{'touristy': False, 'hipster': False, 'romantic': False, 'divey': False, 'intimate': False, 'trendy': False, 'upscale': False, 'classy': True, 'casual': False}"", 'RestaurantsReservations': 'True', 'WiFi': ""u'free'"", 'RestaurantsDelivery': 'False', 'BusinessAcceptsBitcoin': 'False', 'NoiseLevel': ""u'average'"", 'Smoking': ""u'no'"", 'BikeParking': 'False', 'RestaurantsPriceRange2': '3'}","Desserts, Bars, Food, Nightlife, Italian, Restaurants","{'Monday': '17:0-22:0', 'Tuesday': '17:0-22:0', 'Wednesday': '17:0-22:0', 'Thursday': '17:0-22:0', 'Friday': '17:0-23:0', 'Saturday': '10:0-23:0', 'Sunday': '10:0-22:0'}"
TIp9kHzG9bbjwI4bIHffUg,Mise En Place,"442 W Kennedy Blvd, Ste 110",Tampa,FL,33606,27.9446797287,-82.465137038,4.0,402,1,"{'RestaurantsAttire': ""'dressy'"", 'Ambience': ""{'romantic': False, 'intimate': False, 'classy': True, 'hipster': False, 'divey': False, 'touristy': False, 'trendy': False, 'upscale': False, 'casual': False}"", 'BusinessAcceptsCreditCards': 'True', 'RestaurantsPriceRange2': '3', 'RestaurantsReservations': 'True', 'RestaurantsGoodForGroups': 'True', 'RestaurantsDelivery': 'False', 'Alcohol': ""u'full_bar'"", 'BusinessParking': ""{'garage': False, 'street': False, 'validated': False, 'lot': False, 'valet': True}"", 'GoodForKids': 'False', 'RestaurantsTakeOut': 'True', 'WiFi': ""u'free'"", 'BikeParking': 'False', 'Caters': 'True', 'HasTV': 'False', 'HappyHour': 'False', 'GoodForMeal': ""{'dessert': False, 'latenight': False, 'lunch': False, 'dinner': True, 'brunch': False, 'breakfast': False}"", 'RestaurantsTableService': 'True', 'Smoking': ""u'no'"", 'NoiseLevel': ""u'average'"", 'BusinessAcceptsBitcoin': 'False', 'CoatCheck': 'False', 'GoodForDancing': 'False', 'Music': ""{'dj': False, 'background_music': False, 'no_music': False, 'jukebox': False, 'live': False, 'video': False, 'karaoke': False}"", 'BestNights': ""{'monday': False, 'tuesday': False, 'friday': True, 'wednesday': False, 'thursday': True, 'sunday': False, 'saturday': True}"", 'DogsAllowed': 'False', 'WheelchairAccessible': 'True', 'OutdoorSeating': 'None'}","Event Planning & Services, Restaurants, Venues & Event Spaces, Nightlife, Wine Bars, Caterers, American (New), Bars","{'Monday': '0:0-0:0', 'Tuesday': '17:0-21:0', 'Wednesday': '17:0-21:0', 'Thursday': '17:0-21:0', 'Friday': '17:0-22:0', 'Saturday': '17:0-22:0'}"
lNkxXDcNoHBpWDNPoZesYw,Caruso's,1759 S Jameson Ln,Montecito,CA,93108,34.4205315,-119.6281158,4.0,88,1,"{'Alcohol': ""u'full_bar'"", 'BusinessParking': ""{'garage': False, 'street': False, 'validated': False, 'lot': False, 'valet': True}"", 'Caters': 'False', 'HasTV': 'False', 'RestaurantsTableService': 'True', 'RestaurantsDelivery': 'False', 'BikeParking': 'True', 'RestaurantsTakeOut': 'True', 'DogsAllowed': 'True', 'WiFi': ""u'free'"", 'Corkage': 'True', 'BYOB': 'True', 'GoodForMeal': ""{'dessert': False, 'latenight': False, 'lunch': False, 'dinner': False, 'brunch': False, 'breakfast': False}"", 'Ambience': ""{u'divey': False, u'hipster': False, u'casual': False, u'touristy': None, u'trendy': None, u'intimate': None, u'romantic': True, u'classy': True, u'upscale': None}"", 'RestaurantsReservations': 'True', 'HappyHour': 'False', 'RestaurantsPriceRange2': '4', 'OutdoorSeating': 'True', 'BusinessAcceptsCreditCards': 'True', 'WheelchairAccessible': 'True'}","Vegan, Restaurants, Italian","{'Monday': '17:30-21:0', 'Tuesday': '17:30-21:0', 'Wednesday': '17:30-21:0', 'Thursday': '17:30-21:0', 'Friday': '17:30-21:0', 'Saturday': '17:30-21:0', 'Sunday': '17:30-21:0'}"
VOcGcN0bvGU_nzxbJgR5jQ,Bettina,1014 Coast Village Rd,Santa Barbara,CA,93108,34.4225616,-119.6517163,4.5,311,1,"{'HappyHour': 'True', 'WiFi': ""u'free'"", 'RestaurantsAttire': ""u'casual'"", 'BikeParking': 'True', 'RestaurantsTableService': 'True', 'RestaurantsReservations': 'True', 'Alcohol': ""u'full_bar'"", 'BusinessAcceptsCreditCards': 'True', 'WheelchairAccessible': 'True', 'HasTV': 'False', 'BusinessParking': ""{'garage': False, 'street': True, 'validated': False, 'lot': True, 'valet': True}"", 'GoodForKids': 'True', 'Ambience': ""{'touristy': False, 'hipster': False, 'romantic': False, 'divey': False, 'intimate': False, 'trendy': False, 'upscale': False, 'classy': True, 'casual': False}"", 'RestaurantsDelivery': 'True', 'RestaurantsGoodForGroups': 'True', 'DogsAllowed': 'True', 'RestaurantsPriceRange2': '2', 'BusinessAcceptsBitcoin': 'False', 'BYOB': 'True', 'Corkage': 'True', 'NoiseLevel': ""u'average'"", 'RestaurantsTakeOut': 'True', 'Caters': 'True', 'OutdoorSeating': 'True', 'GoodForMeal': ""{'dessert': None, 'latenight': None, 'lunch': True, 'dinner': True, 'brunch': None, 'breakfast': None}""}","Restaurants, Italian, Pizza","{'Monday': '0:0-0:0', 'Tuesday': '16:0-20:30', 'Wednesday': '16:0-20:30', 'Thursday': '16:0-20:30', 'Friday': '16:0-20:30', 'Saturday': '16:0-20:30', 'Sunday': '16:0-20:30'}"
KSYONgGtrK0nKXfroB-bwg,Loquita,202 State St,Santa Barbara,CA,93101,34.4142041115,-119.6916435799,4.5,914,1,"{'WiFi': ""u'no'"", 'BusinessAcceptsCreditCards': 'True', 'GoodForKids': 'False', 'Alcohol': ""u'full_bar'"", 'BusinessParking': ""{'garage': False, 'street': True, 'validated': False, 'lot': False, 'valet': True}"", 'HasTV': 'False', 'GoodForDancing': 'False', 'RestaurantsGoodForGroups': 'True', 'BestNights': ""{'monday': False, 'tuesday': False, 'friday': False, 'wednesday': False, 'thursday': False, 'sunday': False, 'saturday': False}"", 'Ambience': ""{'touristy': False, 'hipster': False, 'romantic': True, 'divey': False, 'intimate': False, 'trendy': True, 'upscale': False, 'classy': True, 'casual': False}"", 'CoatCheck': 'False', 'Smoking': ""u'no'"", 'NoiseLevel': ""u'average'"", 'RestaurantsAttire': ""u'casual'"", 'Caters': 'True', 'RestaurantsTableService': 'True', 'Music': ""{'dj': False, 'background_music': False, 'no_music': False, 'jukebox': False, 'live': False, 'video': False, 'karaoke': False}"", 'BusinessAcceptsBitcoin': 'False', 'BikeParking': 'True', 'DogsAllowed': 'True', 'WheelchairAccessible': 'True', 'OutdoorSeating': 'True', 'RestaurantsReservations': 'True', 'HappyHour': 'False', 'RestaurantsPriceRange2': '3', 'RestaurantsDelivery': 'None', 'GoodForMeal': ""{'dessert': None, 'latenight': False, 'lunch': False, 'dinner': True, 'brunch': False, 'breakfast': False}"", 'RestaurantsTakeOut': 'None'}","Event Planning & Services, Nightlife, Tapas Bars, Spanish, Modern European, Bars, Cocktail Bars, Seafood, Venues & Event Spaces, Restaurants","{'Monday': '0:0-0:0', 'Tuesday': '17:0-21:0', 'Wednesday': '17:0-21:0', 'Thursday': '17:0-21:0', 'Friday': '17:0-22:0', 'Saturday': '17:0-22:0', 'Sunday': '17:0-21:0'}"
LuPK46HMxRYEVTXVbBCR1g,Sama Sama Kitchen,1208 State St,Santa Barbara,CA,93101,34.4237005,-119.7046377,4.0,477,1,"{'BikeParking': 'True', 'HasTV': 'False', 'RestaurantsPriceRange2': '2', 'GoodForKids': 'False', 'NoiseLevel': ""u'average'"", 'Alcohol': ""u'full_bar'"", 'RestaurantsAttire': ""u'casual'"", 'RestaurantsGoodForGroups': 'True', 'Caters': 'True', 'BusinessAcceptsCreditCards': 'True', 'Ambience': ""{'touristy': False, 'hipster': False, 'romantic': False, 'divey': False, 'intimate': False, 'trendy': False, 'upscale': False, 'classy': True, 'casual': True}"", 'BusinessAcceptsBitcoin': 'False', 'WiFi': ""u'free'"", 'BestNights': ""{'monday': False, 'tuesday': False, 'friday': False, 'wednesday': False, 'thursday': False, 'sunday': False, 'saturday': False}"", 'RestaurantsTakeOut': 'True', 'DogsAllowed': 'True', 'Corkage': 'True', 'ByAppointmentOnly': 'False', 'BYOB': 'True', 'WheelchairAccessible': 'True', 'Music': ""{u'dj': None, u'live': False, u'jukebox': None, u'video': False, u'background_music': False, u'karaoke': None, u'no_music': False}"", 'RestaurantsReservations': 'True', 'OutdoorSeating': 'True', 'BusinessParking': ""{'garage': True, 'street': True, 'validated': False, 'lot': False, 'valet': False}"", 'RestaurantsTableService': 'True', 'GoodForDancing': 'False', 'RestaurantsDelivery': 'True', 'HappyHour': 'True', 'Smoking': ""u'no'"", 'CoatCheck': 'False', 'GoodForMeal': ""{'dessert': None, 'latenight': None, 'lunch': False, 'dinner': True, 'brunch': False, 'breakfast': False}""}","Cocktail Bars, Farmers Market, Tapas Bars, Food, Desserts, Nightlife, Asian Fusion, Restaurants, Tapas/Small Plates, Bars, Indonesian","{'Monday': '0:0-0:0', 'Tuesday': '17:0-20:0', 'Wednesday': '17:0-20:0', 'Thursday': '17:0-20:0', 'Friday': '17:0-21:0', 'Saturday': '17:0-21:0', 'Sunday': '17:0-20:0'}"
9MsMKG0v3NstaPqKGYFVOw,Corazon Cocina,126 E Canon Perdido St,Santa Barbara,CA,93101,34.4217896,-119.6992111,4.5,39,0,"{'RestaurantsGoodForGroups': 'True', 'GoodForMeal': ""{'dessert': False, 'latenight': False, 'lunch': True, 'dinner': False, 'brunch': False, 'breakfast': False}"", 'RestaurantsReservations': 'False', 'RestaurantsTakeOut': 'True', 'GoodForKids': 'True', 'RestaurantsTableService': 'False', 'NoiseLevel': ""'average'"", 'RestaurantsAttire': ""'casual'"", 'BikeParking': 'True', 'Ambience': ""{'romantic': False, 'intimate': False, 'classy': False, 'hipster': False, 'divey': False, 'touristy': False, 'trendy': False, 'upscale': False, 'casual': True}"", 'BusinessAcceptsCreditCards': 'True', 'WiFi': ""'no'"", 'RestaurantsDelivery': 'False', 'BusinessParking': ""{'garage': False, 'street': False, 'validated': False, 'lot': False, 'valet': False}"", 'RestaurantsPriceRange2': '2', 'Caters': 'True', 'OutdoorSeating': 'True', 'Alcohol': ""'beer_and_wine'"", 'HasTV': 'False'}","Restaurants, Seafood, Mexican",{'Sunday': '11:0-16:0'}
f3eve2cxUIzyanWnHdMtFQ,Corazon Cocina,"38 W Victoria, Unit 122",Santa Barbara,CA,93101,34.4236075,-119.7070539,4.5,813,1,"{'Alcohol': ""u'beer_and_wine'"", 'RestaurantsAttire': ""'casual'"", 'DriveThru': 'False', 'GoodForMeal': ""{'dessert': False, 'latenight': False, 'lunch': True, 'dinner': True, 'brunch': None, 'breakfast': False}"", 'ByAppointmentOnly': 'False', 'HasTV': 'False', 'RestaurantsGoodForGroups': 'True', 'DogsAllowed': 'False', 'GoodForKids': 'True', 'RestaurantsPriceRange2': '2', 'WiFi': ""u'free'"", 'HappyHour': 'True', 'NoiseLevel': ""u'loud'"", 'RestaurantsTableService': 'False', 'Caters': 'False', 'RestaurantsReservations': 'False', 'RestaurantsDelivery': 'True', 'RestaurantsTakeOut': 'True', 'BusinessAcceptsCreditCards': 'True', 'Ambience': ""{u'divey': False, u'hipster': True, u'casual': True, u'touristy': None, u'trendy': True, u'intimate': False, u'romantic': False, u'classy': True, u'upscale': False}"", 'BusinessParking': ""{'garage': True, 'street': True, 'validated': False, 'lot': False, 'valet': False}"", 'OutdoorSeating': 'True', 'WheelchairAccessible': 'True', 'BikeParking': 'True'}","Restaurants, Breakfast & Brunch, Latin American, Mexican, Seafood","{'Monday': '0:0-0:0', 'Tuesday': '11:0-21:0', 'Wednesday': '11:0-21:0', 'Thursday': '11:0-21:30', 'Friday': '11:0-21:30', 'Saturday': '11:0-21:30', 'Sunday': '11:0-21:0'}"
6HTGlttrzCMsuGBHO1ZGiw,Barbare√±o,205 W Canon Perdido St,Santa Barbara,CA,93101,34.4180454,-119.7029526,4.5,405,1,"{'RestaurantsTakeOut': 'True', 'OutdoorSeating': 'True', 'RestaurantsGoodForGroups': 'True', 'Alcohol': ""u'beer_and_wine'"", 'BusinessParking': ""{'garage': False, 'street': True, 'validated': False, 'lot': True, 'valet': False}"", 'RestaurantsReservations': 'True', 'GoodForKids': 'False', 'BikeParking': 'True', 'WiFi': ""u'free'"", 'NoiseLevel': ""u'average'"", 'RestaurantsAttire': ""u'casual'"", 'Caters': 'True', 'DogsAllowed': 'True', 'GoodForMeal': ""{'dessert': False, 'latenight': False, 'lunch': False, 'dinner': True, 'brunch': False, 'breakfast': False}"", 'RestaurantsPriceRange2': '3', 'WheelchairAccessible': 'True', 'GoodForDancing': 'False', 'RestaurantsTableService': 'True', 'BusinessAcceptsCreditCards': 'True', 'CoatCheck': 'False', 'Ambience': ""{'touristy': False, 'hipster': False, 'romantic': False, 'divey': False, 'intimate': True, 'trendy': False, 'upscale': False, 'classy': True, 'casual': False}"", 'Smoking': ""u'no'"", 'Corkage': 'True', 'BusinessAcceptsBitcoin': 'False', 'ByAppointmentOnly': 'False', 'HasTV': 'False', 'Music': ""{u'dj': False, u'live': False, u'jukebox': False, u'video': False, u'background_music': False, u'karaoke': None, u'no_music': False}"", 'RestaurantsDelivery': 'True', 'HappyHour': 'False', 'BestNights': ""{'monday': False, 'tuesday': False, 'friday': False, 'wednesday': False, 'thursday': False, 'sunday': False, 'saturday': False}"", 'BYOB': 'False'}","Restaurants, American (New), Barbeque, Food, Sandwiches, Wine Bars, Diners, Bars, Specialty Food, American (Traditional), Nightlife","{'Monday': '0:0-0:0', 'Wednesday': '17:0-21:0', 'Thursday': '17:0-21:0', 'Friday': '17:0-21:30', 'Saturday': '17:0-21:30', 'Sunday': '17:0-21:0'}"
oinV9xrSkR3b_T8sK1nsqg,Bibi Ji,734 State St,Santa Barbara,CA,93101,34.4195327202,-119.6991314739,3.5,260,1,"{'BusinessAcceptsCreditCards': 'True', 'RestaurantsReservations': 'True', 'RestaurantsPriceRange2': '3', 'Corkage': 'True', 'RestaurantsGoodForGroups': 'True', 'HasTV': 'False', 'BestNights': ""{'monday': False, 'tuesday': False, 'friday': True, 'wednesday': False, 'thursday': False, 'sunday': False, 'saturday': False}"", 'RestaurantsAttire': ""u'casual'"", 'Alcohol': ""u'beer_and_wine'"", 'GoodForKids': 'False', 'BusinessParking': ""{'garage': None, 'street': True, 'validated': False, 'lot': False, 'valet': False}"", 'RestaurantsTableService': 'True', 'Ambience': ""{u'divey': False, u'hipster': True, u'casual': True, u'touristy': False, u'trendy': True, u'intimate': True, u'romantic': None, u'classy': True, u'upscale': True}"", 'RestaurantsDelivery': 'True', 'Music': ""{u'dj': None, u'live': False, u'jukebox': None, u'video': False, u'background_music': False, u'karaoke': None, u'no_music': False}"", 'WheelchairAccessible': 'True', 'WiFi': ""u'no'"", 'RestaurantsTakeOut': 'True', 'GoodForMeal': ""{'dessert': None, 'latenight': None, 'lunch': None, 'dinner': True, 'brunch': None, 'breakfast': None}"", 'BikeParking': 'True', 'OutdoorSeating': 'True', 'Caters': 'True', 'Smoking': ""u'no'"", 'CoatCheck': 'False'}","Wine Bars, Restaurants, Indian, Australian, Bars, American (New), Nightlife","{'Monday': '16:30-21:0', 'Thursday': '16:30-21:0', 'Friday': '13:0-21:45', 'Saturday': '13:0-21:45', 'Sunday': '16:30-21:0'}"
vj6AetpADpHOYtMRZsXX3g,Los Agaves,2911 De La Vina St,Santa Barbara,CA,93105,34.4374508,-119.7273828,4.0,807,1,"{'Caters': 'True', 'RestaurantsGoodForGroups': 'True', 'BusinessAcceptsCreditCards': 'True', 'RestaurantsPriceRange2': '2', 'WiFi': ""u'no'"", 'RestaurantsReservations': 'False', 'BikeParking': 'True', 'GoodForKids': 'True', 'Ambience': ""{'touristy': False, 'hipster': False, 'romantic': False, 'divey': False, 'intimate': False, 'trendy': False, 'upscale': False, 'classy': True, 'casual': True}"", 'HasTV': 'True', 'RestaurantsAttire': ""u'casual'"", 'GoodForMeal': ""{'dessert': False, 'latenight': False, 'lunch': True, 'dinner': True, 'brunch': False, 'breakfast': False}"", 'NoiseLevel': ""u'average'"", 'DogsAllowed': 'True', 'BusinessParking': ""{'garage': False, 'street': True, 'validated': False, 'lot': True, 'valet': False}"", 'DriveThru': 'False', 'Alcohol': ""u'full_bar'"", 'OutdoorSeating': 'True', 'RestaurantsTableService': 'False', 'RestaurantsTakeOut': 'True', 'RestaurantsDelivery': 'True'}","American (New), Mexican, Restaurants","{'Monday': '11:0-21:0', 'Tuesday': '11:0-21:0', 'Wednesday': '11:0-21:0', 'Thursday': '11:0-21:0', 'Friday': '11:0-21:0', 'Saturday': '11:0-21:0', 'Sunday': '11:0-21:0'}"
yPSejq3_erxo9zdVYTBnZA,Los Agaves,600 N Milpas St,Santa Barbara,CA,93101,34.4274939,-119.686624,4.5,3834,1,"{'WiFi': ""u'no'"", 'RestaurantsTakeOut': 'True', 'NoiseLevel': ""u'average'"", 'GoodForKids': 'True', 'RestaurantsAttire': ""u'casual'"", 'RestaurantsPriceRange2': '2', 'RestaurantsGoodForGroups': 'True', 'BusinessAcceptsCreditCards': 'True', 'RestaurantsReservations': 'False', 'BikeParking': 'True', 'GoodForMeal': ""{'dessert': False, 'latenight': False, 'lunch': True, 'dinner': True, 'brunch': False, 'breakfast': False}"", 'HappyHour': 'True', 'RestaurantsTableService': 'False', 'DogsAllowed': 'False', 'Ambience': ""{'touristy': False, 'hipster': False, 'romantic': False, 'divey': False, 'intimate': False, 'trendy': False, 'upscale': False, 'classy': True, 'casual': True}"", 'Caters': 'True', 'BusinessParking': ""{'garage': True, 'street': True, 'validated': False, 'lot': True, 'valet': False}"", 'DriveThru': 'False', 'HasTV': 'True', 'RestaurantsDelivery': 'True', 'OutdoorSeating': 'True', 'Alcohol': ""u'full_bar'""}","Mexican, Restaurants","{'Monday': '11:0-21:0', 'Tuesday': '11:0-21:0', 'Wednesday': '11:0-21:0', 'Thursday': '11:0-21:0', 'Friday': '11:0-21:0', 'Saturday': '11:0-21:0', 'Sunday': '11:0-21:0'}"
oGDGlUbOjHxmmCh8ZYcDCg,The Lark,"131 Anacapa St, Ste A",Santa Barbara,CA,93101,34.4148777,-119.690279,4.0,1520,1,"{'HasTV': 'False', 'BikeParking': 'True', 'BusinessAcceptsCreditCards': 'True', 'Caters': 'True', 'Alcohol': ""u'full_bar'"", 'RestaurantsReservations': 'True', 'RestaurantsAttire': ""u'casual'"", 'RestaurantsGoodForGroups': 'True', 'Music': ""{'dj': False, 'background_music': False, 'no_music': False, 'jukebox': False, 'live': False, 'video': False, 'karaoke': False}"", 'GoodForKids': 'False', 'DriveThru': 'False', 'BestNights': ""{'monday': False, 'tuesday': False, 'friday': True, 'wednesday': True, 'thursday': False, 'sunday': False, 'saturday': True}"", 'CoatCheck': 'False', 'RestaurantsPriceRange2': '3', 'WheelchairAccessible': 'True', 'NoiseLevel': ""u'average'"", 'BYOB': 'True', 'RestaurantsTableService': 'True', 'Corkage': 'True', 'Smoking': ""u'no'"", 'GoodForMeal': ""{'dessert': False, 'latenight': False, 'lunch': False, 'dinner': True, 'brunch': False, 'breakfast': False}"", 'BusinessParking': ""{'garage': False, 'street': True, 'validated': False, 'lot': False, 'valet': False}"", 'GoodForDancing': 'False', 'Ambience': ""{'touristy': False, 'hipster': False, 'romantic': False, 'divey': False, 'intimate': False, 'trendy': True, 'upscale': False, 'classy': True, 'casual': False}"", 'BusinessAcceptsBitcoin': 'False', 'WiFi': ""u'free'"", 'DogsAllowed': 'True', 'OutdoorSeating': 'True', 'RestaurantsDelivery': 'False', 'RestaurantsTakeOut': 'False'}","Nightlife, Bars, Cocktail Bars, Food, American (New), Desserts, Restaurants","{'Monday': '0:0-0:0', 'Tuesday': '17:0-21:0', 'Wednesday': '17:0-21:0', 'Thursday': '17:0-21:0', 'Friday': '17:0-22:0', 'Saturday': '17:0-22:0', 'Sunday': '17:0-21:0'}"
xRapA2lG7mjJ6eOqHmxe-A,Blackbird,36 State St,Santa Barbara,CA,93101,34.4132794,-119.6898862,4.0,155,1,"{'Alcohol': ""u'full_bar'"", 'RestaurantsPriceRange2': '3', 'WheelchairAccessible': 'True', 'RestaurantsDelivery': 'False', 'GoodForKids': 'False', 'RestaurantsTakeOut': 'False', 'HappyHour': 'True', 'Ambience': ""{'touristy': False, 'hipster': False, 'romantic': False, 'divey': False, 'intimate': False, 'trendy': False, 'upscale': True, 'classy': True, 'casual': False}"", 'RestaurantsGoodForGroups': 'False', 'BusinessAcceptsCreditCards': 'True', 'DogsAllowed': 'True', 'NoiseLevel': ""u'average'"", 'BusinessParking': ""{'garage': False, 'street': True, 'validated': False, 'lot': False, 'valet': True}"", 'ByAppointmentOnly': 'False', 'RestaurantsTableService': 'True', 'OutdoorSeating': 'True', 'RestaurantsReservations': 'False', 'HasTV': 'False', 'GoodForMeal': ""{'dessert': True, 'latenight': False, 'lunch': False, 'dinner': True, 'brunch': False, 'breakfast': False}"", 'RestaurantsAttire': ""u'dressy'"", 'CoatCheck': 'False', 'Caters': 'False', 'Smoking': ""u'no'"", 'BusinessAcceptsBitcoin': 'False', 'WiFi': ""u'free'"", 'BestNights': ""{u'monday': False, u'tuesday': False, u'wednesday': False, u'thursday': False, u'friday': False, u'saturday': False, u'sunday': False}"", 'BikeParking': 'True'}","Seafood, Restaurants, Breakfast & Brunch, Lounges, Cocktail Bars, Mediterranean, Bars, Tapas/Small Plates, American (New), Nightlife","{'Wednesday': '17:0-22:0', 'Thursday': '17:0-22:0', 'Friday': '17:0-22:0', 'Saturday': '17:0-22:0'}"
L5LLN0RafiV1Z9cddzvuCw,Ulele,1810 N Highland Ave,Tampa,FL,33602,27.9601605512,-82.4625296518,4.0,3064,1,"{'BusinessAcceptsCreditCards': 'True', 'OutdoorSeating': 'True', 'Alcohol': ""'full_bar'"", 'BikeParking': 'True', 'NoiseLevel': ""u'average'"", 'Caters': 'False', 'RestaurantsReservations': 'True', 'RestaurantsAttire': ""'casual'"", 'WheelchairAccessible': 'True', 'RestaurantsPriceRange2': '2', 'RestaurantsTableService': 'True', 'WiFi': ""u'free'"", 'GoodForKids': 'True', 'RestaurantsGoodForGroups': 'True', 'DogsAllowed': 'True', 'GoodForMeal': ""{'dessert': False, 'latenight': False, 'lunch': True, 'dinner': True, 'brunch': False, 'breakfast': False}"", 'BusinessParking': ""{'garage': False, 'street': True, 'validated': False, 'lot': True, 'valet': True}"", 'Ambience': ""{'touristy': False, 'hipster': False, 'romantic': False, 'divey': False, 'intimate': False, 'trendy': True, 'upscale': False, 'classy': True, 'casual': False}"", 'ByAppointmentOnly': 'False', 'HappyHour': 'False', 'RestaurantsDelivery': 'None', 'HasTV': 'False', 'RestaurantsTakeOut': 'True'}","Breweries, Food, American (New), Beer, Wine & Spirits, Restaurants, Seafood","{'Monday': '0:0-0:0', 'Tuesday': '11:0-22:0', 'Wednesday': '11:0-22:0', 'Thursday': '11:0-22:0', 'Friday': '11:0-21:15', 'Saturday': '11:0-23:0', 'Sunday': '11:0-22:0'}"
hExi86DTBlmIhB2FLvqrHg,On Swann,1501 W Swann Ave,Tampa,FL,33606,27.9374616,-82.4751492,4.5,1291,1,"{'ByAppointmentOnly': 'False', 'Caters': 'False', 'HappyHour': 'False', 'RestaurantsPriceRange2': '2', 'Alcohol': ""u'full_bar'"", 'BikeParking': 'False', 'HasTV': 'False', 'DriveThru': 'False', 'CoatCheck': 'False', 'BusinessAcceptsCreditCards': 'True', 'BusinessAcceptsBitcoin': 'False', 'RestaurantsReservations': 'True', 'RestaurantsDelivery': 'False', 'NoiseLevel': ""u'loud'"", 'DogsAllowed': 'True', 'RestaurantsAttire': ""'casual'"", 'Smoking': ""u'no'"", 'GoodForDancing': 'False', 'WheelchairAccessible': 'True', 'GoodForKids': 'True', 'Corkage': 'True', 'WiFi': ""u'free'"", 'RestaurantsTableService': 'True', 'Music': ""{'dj': False, 'background_music': False, 'no_music': False, 'jukebox': False, 'live': False, 'video': False, 'karaoke': False}"", 'BusinessParking': ""{'garage': True, 'street': True, 'validated': False, 'lot': False, 'valet': True}"", 'OutdoorSeating': 'True', 'BestNights': ""{'monday': False, 'tuesday': True, 'friday': True, 'wednesday': False, 'thursday': False, 'sunday': False, 'saturday': True}"", 'Ambience': ""{u'divey': False, u'hipster': None, u'casual': None, u'touristy': False, u'trendy': True, u'intimate': None, u'romantic': None, u'classy': True, u'upscale': None}"", 'BYOB': 'True', 'GoodForMeal': ""{u'breakfast': False, u'brunch': None, u'lunch': True, u'dinner': True, u'latenight': False, u'dessert': None}"", 'RestaurantsGoodForGroups': 'True', 'RestaurantsTakeOut': 'False'}","Desserts, Restaurants, Bars, Nightlife, American (New), Food","{'Monday': '0:0-0:0', 'Tuesday': '11:0-19:0', 'Wednesday': '17:0-22:0', 'Thursday': '11:0-19:0', 'Friday': '17:0-23:0', 'Saturday': '17:0-23:0', 'Sunday': '11:0-22:0'}"
f_E5dlBz-78uL8tTQYNPew,Cena,1208 E Kennedy Blvd,Tampa,FL,33602,27.951195,-82.447765,4.0,230,1,"{'NoiseLevel': ""u'average'"", 'BusinessParking': ""{'garage': True, 'street': True, 'validated': False, 'lot': False, 'valet': False}"", 'Caters': 'True', 'RestaurantsReservations': 'True', 'RestaurantsTakeOut': 'True', 'RestaurantsGoodForGroups': 'True', 'BusinessAcceptsCreditCards': 'True', 'GoodForKids': 'False', 'HasTV': 'False', 'ByAppointmentOnly': 'True', 'RestaurantsPriceRange2': '3', 'BikeParking': 'True', 'WheelchairAccessible': 'True', 'GoodForMeal': ""{u'breakfast': False, u'brunch': False, u'lunch': False, u'dinner': True, u'latenight': False, u'dessert': None}"", 'RestaurantsAttire': ""u'casual'"", 'Ambience': ""{'touristy': False, 'hipster': False, 'romantic': False, 'divey': False, 'intimate': False, 'trendy': True, 'upscale': False, 'classy': True, 'casual': False}"", 'OutdoorSeating': 'True', 'DogsAllowed': 'False', 'RestaurantsTableService': 'True', 'BYOB': 'False', 'RestaurantsDelivery': 'True', 'Corkage': 'True', 'WiFi': ""u'free'"", 'Alcohol': ""u'full_bar'"", 'HappyHour': 'True'}","Italian, Restaurants","{'Monday': '0:0-0:0', 'Tuesday': '17:0-22:0', 'Wednesday': '17:0-22:0', 'Thursday': '17:0-22:0', 'Friday': '17:0-22:0', 'Saturday': '17:0-22:0', 'Sunday': '17:0-21:0'}"
GuzbBFraIq-fbkjfvaTRvg,Mesa Verde,1919 Cliff Dr,Santa Barbara,CA,93109,34.4013485,-119.7230803,4.5,1796,1,"{'NoiseLevel': ""u'average'"", 'BusinessAcceptsCreditCards': 'True', 'RestaurantsGoodForGroups': 'True', 'HasTV': 'False', 'RestaurantsDelivery': 'False', 'RestaurantsAttire': ""u'casual'"", 'GoodForKids': 'True', 'RestaurantsPriceRange2': '2', 'BusinessParking': ""{'garage': False, 'street': False, 'validated': False, 'lot': True, 'valet': False}"", 'Ambience': ""{'touristy': False, 'hipster': False, 'romantic': False, 'divey': False, 'intimate': False, 'trendy': False, 'upscale': False, 'classy': True, 'casual': True}"", 'RestaurantsTakeOut': 'True', 'RestaurantsTableService': 'True', 'Caters': 'False', 'BikeParking': 'True', 'DogsAllowed': 'True', 'Alcohol': ""u'beer_and_wine'"", 'WiFi': ""u'free'"", 'WheelchairAccessible': 'True', 'HappyHour': 'False', 'RestaurantsReservations': 'True', 'OutdoorSeating': 'True', 'BusinessAcceptsBitcoin': 'False', 'GoodForMeal': ""{u'breakfast': False, u'brunch': None, u'lunch': True, u'dinner': True, u'latenight': False, u'dessert': None}""}","Garage Door Services, Restaurants, Live/Raw Food, Food, Home Services, Mediterranean, Keys & Locksmiths, Burgers, Vegetarian, Juice Bars & Smoothies, Vegan, Salad","{'Tuesday': '11:0-21:0', 'Wednesday': '11:0-21:0', 'Thursday': '11:0-21:0', 'Friday': '11:0-21:0', 'Saturday': '11:0-21:0', 'Sunday': '11:0-21:0'}"
UYO_d_iqHp4trXNxVOVR1w,Bastion,434 Houston St,Nashville,TN,37203,36.1432178,-86.7670112,4.5,209,1,"{'BikeParking': 'False', 'RestaurantsDelivery': 'False', 'BestNights': ""{'monday': False, 'tuesday': False, 'friday': False, 'wednesday': False, 'thursday': False, 'sunday': False, 'saturday': False}"", 'GoodForMeal': ""{'dessert': False, 'latenight': None, 'lunch': False, 'dinner': True, 'brunch': False, 'breakfast': False}"", 'RestaurantsGoodForGroups': 'True', 'Alcohol': ""'full_bar'"", 'CoatCheck': 'False', 'RestaurantsPriceRange2': '2', 'RestaurantsReservations': 'True', 'HappyHour': 'True', 'NoiseLevel': ""u'average'"", 'Music': ""{'dj': False, 'background_music': False, 'no_music': False, 'jukebox': False, 'live': False, 'video': False, 'karaoke': False}"", 'GoodForDancing': 'False', 'RestaurantsAttire': ""'casual'"", 'BusinessParking': ""{'garage': False, 'street': True, 'validated': False, 'lot': True, 'valet': False}"", 'WiFi': ""'free'"", 'RestaurantsTakeOut': 'True', 'Smoking': ""u'no'"", 'WheelchairAccessible': 'True', 'OutdoorSeating': 'False', 'Caters': 'False', 'BusinessAcceptsBitcoin': 'False', 'GoodForKids': 'False', 'RestaurantsTableService': 'True', 'BusinessAcceptsCreditCards': 'True', 'HasTV': 'False', 'DogsAllowed': 'False', 'Ambience': ""{u'divey': False, u'hipster': True, u'casual': None, u'touristy': False, u'trendy': None, u'intimate': None, u'romantic': None, u'classy': None, u'upscale': None}""}","Restaurants, American (New), Bars, Cocktail Bars, Nightlife","{'Monday': '17:0-0:0', 'Tuesday': '17:0-0:0', 'Wednesday': '17:0-0:0', 'Thursday': '17:0-0:0', 'Friday': '17:0-1:0', 'Saturday': '17:0-1:0', 'Sunday': '17:0-0:0'}"
b9d9X2yhzxSVEbz_JIY_uA,Zasu,127 N Carrollton Ave,New Orleans,LA,70119,29.9753366,-90.10028,4.5,66,1,"{'RestaurantsTableService': 'True', 'BusinessAcceptsCreditCards': 'True', 'GoodForMeal': ""{'dessert': False, 'latenight': False, 'lunch': False, 'dinner': False, 'brunch': False, 'breakfast': False}"", 'WiFi': ""u'no'"", 'OutdoorSeating': 'True', 'BusinessParking': ""{'garage': False, 'street': True, 'validated': False, 'lot': False, 'valet': False}"", 'RestaurantsReservations': 'True', 'RestaurantsDelivery': 'False', 'Ambience': ""{'touristy': False, 'hipster': False, 'romantic': False, 'divey': False, 'intimate': False, 'trendy': False, 'upscale': False, 'classy': True, 'casual': False}"", 'HasTV': 'True', 'WheelchairAccessible': 'True', 'HappyHour': 'False', 'Alcohol': ""u'full_bar'"", 'RestaurantsTakeOut': 'False'}","Restaurants, American (New)","{'Monday': '0:0-0:0', 'Wednesday': '17:30-21:30', 'Thursday': '17:30-21:30', 'Friday': '17:30-21:30', 'Saturday': '17:30-21:30'}"
_nqrmx5xKLQyrbmjhwiiuA,The Catbird Seat,1711 Division St,Nashville,TN,37203,36.1512977,-86.7940791,4.5,415,1,"{'BikeParking': 'True', 'RestaurantsReservations': 'True', 'RestaurantsPriceRange2': '4', 'BusinessParking': ""{'garage': False, 'street': False, 'validated': False, 'lot': False, 'valet': True}"", 'Caters': 'False', 'BusinessAcceptsCreditCards': 'True', 'GoodForKids': 'False', 'NoiseLevel': ""u'average'"", 'RestaurantsAttire': ""u'dressy'"", 'WiFi': ""u'no'"", 'RestaurantsTableService': 'True', 'Alcohol': ""u'full_bar'"", 'HasTV': 'True', 'RestaurantsGoodForGroups': 'False', 'GoodForMeal': ""{'dessert': False, 'latenight': False, 'lunch': False, 'dinner': True, 'brunch': False, 'breakfast': False}"", 'RestaurantsDelivery': 'None', 'Ambience': ""{'touristy': False, 'hipster': False, 'romantic': False, 'divey': False, 'intimate': False, 'trendy': False, 'upscale': True, 'classy': True, 'casual': False}"", 'DogsAllowed': 'False', 'RestaurantsTakeOut': 'None', 'OutdoorSeating': 'None'}","American (New), Restaurants","{'Wednesday': '17:30-21:0', 'Thursday': '17:30-21:0', 'Friday': '17:30-21:0', 'Saturday': '17:30-21:0', 'Sunday': '17:30-21:0'}"
IWRClXjIBarIbY7WUWV-ug,Locust,2305 12th Ave S,Nashville,TN,37204,36.1273778,-86.7893698,4.5,73,1,"{'OutdoorSeating': 'True', 'RestaurantsTakeOut': 'True', 'DogsAllowed': 'True'}","Bars, Shaved Ice, Japanese, Nightlife, Restaurants, Food, Beer Bar, Noodles","{'Friday': '17:0-21:0', 'Saturday': '17:0-21:0', 'Sunday': '17:0-20:0'}"
UbFkHiEt9S-0mUL3RQ5Ghg,Turkey and the Wolf,739 Jackson Ave,New Orleans,LA,70130,29.9272091,-90.0742935,4.5,652,1,"{'RestaurantsReservations': 'False', 'BusinessAcceptsCreditCards': 'True', 'Alcohol': ""'full_bar'"", 'OutdoorSeating': 'True', 'GoodForMeal': ""{'dessert': False, 'latenight': False, 'lunch': True, 'dinner': False, 'brunch': False, 'breakfast': False}"", 'Ambience': ""{'touristy': False, 'hipster': True, 'romantic': False, 'divey': None, 'intimate': False, 'trendy': True, 'upscale': False, 'classy': False, 'casual': True}"", 'DogsAllowed': 'True', 'Music': ""{'dj': False, 'background_music': False, 'no_music': False, 'jukebox': False, 'live': False, 'video': False, 'karaoke': False}"", 'HasTV': 'False', 'BikeParking': 'True', 'WheelchairAccessible': 'True', 'WiFi': ""'free'"", 'HappyHour': 'False', 'GoodForKids': 'True', 'RestaurantsTakeOut': 'None', 'GoodForDancing': 'False', 'RestaurantsTableService': 'False', 'NoiseLevel': ""u'average'"", 'RestaurantsDelivery': 'None', 'BusinessParking': ""{'garage': False, 'street': True, 'validated': False, 'lot': True, 'valet': False}"", 'RestaurantsGoodForGroups': 'True', 'ByAppointmentOnly': 'False', 'BestNights': ""{'monday': False, 'tuesday': False, 'friday': False, 'wednesday': False, 'thursday': False, 'sunday': False, 'saturday': False}"", 'RestaurantsAttire': ""'casual'"", 'RestaurantsPriceRange2': '2', 'CoatCheck': 'False', 'Caters': 'False', 'Smoking': ""u'outdoor'""}","Bars, Food, Cocktail Bars, Restaurants, Desserts, Nightlife, Sandwiches","{'Monday': '0:0-0:0', 'Wednesday': '11:0-16:0', 'Thursday': '11:0-16:0', 'Friday': '11:0-16:0', 'Saturday': '11:0-16:0', 'Sunday': '11:0-16:0'}"
Z1YH3dvDwdM6_isWY4jtrQ,Peninsula,1035 W Eastland Ave,Nashville,TN,37206,36.183998,-86.749696,4.5,127,1,"{'BusinessAcceptsCreditCards': 'True', 'Alcohol': ""u'full_bar'"", 'RestaurantsReservations': 'True', 'RestaurantsTakeOut': 'False', 'Caters': 'True', 'NoiseLevel': ""u'loud'"", 'RestaurantsPriceRange2': '2', 'RestaurantsAttire': ""'dressy'"", 'WheelchairAccessible': 'True', 'GoodForMeal': ""{'dessert': True, 'latenight': None, 'lunch': None, 'dinner': True, 'brunch': None, 'breakfast': None}"", 'RestaurantsGoodForGroups': 'True', 'WiFi': ""u'paid'"", 'GoodForKids': 'False', 'RestaurantsTableService': 'True', 'HasTV': 'False', 'BikeParking': 'False', 'RestaurantsDelivery': 'False', 'OutdoorSeating': 'False', 'Ambience': ""{u'divey': False, u'hipster': True, u'casual': True, u'touristy': False, u'trendy': None, u'intimate': True, u'romantic': None, u'classy': None, u'upscale': None}"", 'BusinessParking': ""{u'valet': False, u'garage': None, u'street': True, u'lot': False, u'validated': None}""}","French, Spanish, Portuguese, Restaurants, Pop-Up Restaurants","{'Thursday': '17:0-22:0', 'Friday': '17:0-22:0', 'Saturday': '17:0-22:0'}"
6a4gLLFSgr-Q6CZXDLzBGQ,Cochon,930 Tchoupitoulas St,New Orleans,LA,70130,29.9422803,-90.0672682,4.0,4421,1,"{'BikeParking': 'True', 'BusinessParking': ""{'garage': False, 'street': True, 'validated': False, 'lot': False, 'valet': False}"", 'BusinessAcceptsCreditCards': 'True', 'RestaurantsAttire': ""'casual'"", 'RestaurantsPriceRange2': '2', 'Alcohol': ""'full_bar'"", 'Caters': 'False', 'RestaurantsReservations': 'True', 'RestaurantsGoodForGroups': 'True', 'BYOBCorkage': ""'no'"", 'WiFi': ""u'no'"", 'NoiseLevel': ""u'average'"", 'GoodForMeal': ""{'dessert': False, 'latenight': False, 'lunch': None, 'dinner': True, 'brunch': None, 'breakfast': False}"", 'ByAppointmentOnly': 'False', 'GoodForKids': 'True', 'OutdoorSeating': 'None', 'HasTV': 'True', 'DogsAllowed': 'False', 'HappyHour': 'True', 'RestaurantsDelivery': 'None', 'RestaurantsTakeOut': 'None', 'Ambience': ""{'touristy': False, 'hipster': False, 'romantic': False, 'divey': False, 'intimate': False, 'trendy': True, 'upscale': False, 'classy': True, 'casual': False}""}","Cajun/Creole, Seafood, Restaurants","{'Tuesday': '11:0-21:0', 'Wednesday': '11:0-21:0', 'Thursday': '11:0-21:0', 'Friday': '11:0-22:0', 'Saturday': '11:0-22:0', 'Sunday': '11:0-21:0'}"
gTC8IQ_i8zXytWSly3Ttvg,Cochon Butcher,930 Tchoupitoulas St,New Orleans,LA,70130,29.9422358659,-90.0670981407,4.5,3837,1,"{'RestaurantsAttire': ""u'casual'"", 'BusinessAcceptsCreditCards': 'True', 'GoodForKids': 'True', 'Caters': 'True', 'RestaurantsReservations': 'False', 'RestaurantsPriceRange2': '2', 'Alcohol': ""u'full_bar'"", 'NoiseLevel': ""u'average'"", 'WiFi': ""u'no'"", 'RestaurantsGoodForGroups': 'True', 'Ambience': ""{'touristy': False, 'hipster': False, 'romantic': False, 'divey': False, 'intimate': False, 'trendy': False, 'upscale': False, 'classy': True, 'casual': True}"", 'BusinessParking': ""{'garage': False, 'street': True, 'validated': False, 'lot': True, 'valet': False}"", 'RestaurantsTableService': 'True', 'GoodForMeal': ""{'dessert': False, 'latenight': False, 'lunch': True, 'dinner': False, 'brunch': False, 'breakfast': False}"", 'BikeParking': 'True', 'HappyHour': 'True', 'ByAppointmentOnly': 'False', 'RestaurantsTakeOut': 'True', 'OutdoorSeating': 'True', 'RestaurantsDelivery': 'True', 'DogsAllowed': 'False', 'HasTV': 'True'}","Shopping, Butcher, Restaurants, Sandwiches, Food, Meat Shops, Specialty Food","{'Monday': '11:0-22:0', 'Tuesday': '11:0-22:0', 'Wednesday': '11:0-22:0', 'Thursday': '11:0-22:0', 'Friday': '11:0-22:0', 'Saturday': '11:0-22:0', 'Sunday': '11:0-22:0'}"
AKAYI-HTy78i4Tr_n8UEYw,Redheaded Stranger,305 Arrington St,Nashville,TN,37207,36.1850434812,-86.7679008135,4.0,214,1,"{'RestaurantsGoodForGroups': 'True', 'Ambience': ""{u'divey': None, u'hipster': True, u'casual': True, u'touristy': None, u'trendy': True, u'intimate': None, u'romantic': None, u'classy': False, u'upscale': False}"", 'RestaurantsReservations': 'False', 'BusinessAcceptsCreditCards': 'True', 'RestaurantsTableService': 'False', 'RestaurantsDelivery': 'True', 'RestaurantsPriceRange2': '2', 'HasTV': 'True', 'NoiseLevel': ""u'average'"", 'GoodForMeal': ""{'dessert': None, 'latenight': None, 'lunch': True, 'dinner': None, 'brunch': None, 'breakfast': None}"", 'OutdoorSeating': 'True', 'BusinessParking': ""{u'valet': False, u'garage': False, u'street': True, u'lot': True, u'validated': None}"", 'RestaurantsTakeOut': 'True', 'Alcohol': ""u'full_bar'""}","Tacos, Tex-Mex, Mexican, Restaurants","{'Monday': '10:0-22:0', 'Tuesday': '10:0-22:0', 'Wednesday': '10:0-22:0', 'Thursday': '10:0-22:0', 'Friday': '8:0-22:0', 'Saturday': '8:0-22:0', 'Sunday': '8:0-22:0'}"
TcNZXteosegb1RO4O5hREw,Parkway Bakery & Tavern,538 Hagan Ave,New Orleans,LA,70119,29.9736823589,-90.0902080718,4.5,2160,1,"{'BusinessAcceptsCreditCards': 'True', 'RestaurantsAttire': ""u'casual'"", 'RestaurantsReservations': 'False', 'RestaurantsGoodForGroups': 'True', 'BusinessAcceptsBitcoin': 'False', 'RestaurantsTakeOut': 'True', 'ByAppointmentOnly': 'False', 'Alcohol': ""u'full_bar'"", 'NoiseLevel': ""u'average'"", 'BusinessParking': ""{'garage': False, 'street': True, 'validated': False, 'lot': True, 'valet': False}"", 'Caters': 'True', 'BikeParking': 'True', 'GoodForKids': 'True', 'OutdoorSeating': 'True', 'WiFi': ""u'no'"", 'HasTV': 'True', 'HappyHour': 'True', 'RestaurantsPriceRange2': '2', 'GoodForMeal': ""{'dessert': False, 'latenight': False, 'lunch': True, 'dinner': False, 'brunch': False, 'breakfast': False}"", 'DriveThru': 'False', 'Ambience': ""{'touristy': False, 'hipster': False, 'romantic': False, 'divey': False, 'intimate': False, 'trendy': False, 'upscale': False, 'classy': True, 'casual': True}"", 'RestaurantsDelivery': 'True'}","Restaurants, Sandwiches, Seafood, Food, Desserts, Bakeries, Comfort Food, Beer, Wine & Spirits","{'Monday': '0:0-0:0', 'Wednesday': '10:0-18:0', 'Thursday': '10:0-18:0', 'Friday': '10:0-18:0', 'Saturday': '10:0-18:0', 'Sunday': '10:0-18:0'}"
HEf0QXnhxrcIWxRfAbQ2iA,Saba,5757 Magazine St,New Orleans,LA,70115,29.9216645,-90.118555,4.5,345,1,"{'GoodForKids': 'False', 'DogsAllowed': 'True', 'BikeParking': 'True', 'BusinessAcceptsCreditCards': 'True', 'Caters': 'True', 'RestaurantsReservations': 'True', 'GoodForMeal': ""{'dessert': True, 'latenight': None, 'lunch': True, 'dinner': True, 'brunch': True, 'breakfast': None}"", 'RestaurantsTableService': 'True', 'RestaurantsGoodForGroups': 'True', 'WiFi': ""u'no'"", 'RestaurantsTakeOut': 'True', 'BusinessParking': ""{'garage': False, 'street': True, 'validated': False, 'lot': True, 'valet': False}"", 'RestaurantsPriceRange2': '3', 'RestaurantsDelivery': 'False', 'Alcohol': ""u'full_bar'"", 'NoiseLevel': ""'average'"", 'WheelchairAccessible': 'True', 'BusinessAcceptsBitcoin': 'False', 'RestaurantsAttire': ""'casual'"", 'Ambience': ""{'touristy': False, 'hipster': False, 'romantic': True, 'divey': False, 'intimate': True, 'trendy': True, 'upscale': True, 'classy': True, 'casual': False}"", 'OutdoorSeating': 'True', 'HappyHour': 'False', 'HasTV': 'False'}","Mediterranean, Restaurants, Middle Eastern","{'Wednesday': '16:30-21:0', 'Thursday': '16:30-21:0', 'Friday': '16:30-22:0', 'Saturday': '16:30-22:0', 'Sunday': '16:30-21:0'}"
lFbBGVLlljaggRLlg3xY3g,Mister Mao,4501 Tchoupitoulas St,New Orleans,LA,70115,29.9172216521,-90.102451183,4.5,29,1,"{'RestaurantsTableService': 'True', 'Ambience': ""{u'divey': None, u'hipster': None, u'casual': None, u'touristy': None, u'trendy': True, u'intimate': None, u'romantic': None, u'classy': None, u'upscale': None}"", 'BusinessParking': ""{u'valet': False, u'garage': None, u'street': None, u'lot': False, u'validated': None}""}","Chinese, Restaurants, Asian Fusion","{'Monday': '17:0-21:0', 'Thursday': '17:0-22:0', 'Friday': '17:0-22:0', 'Saturday': '17:0-22:0', 'Sunday': '11:0-15:0'}"
ZTctPm8-lBy0iJ9dFhYhyQ,Herbsaint,701 St Charles Ave,New Orleans,LA,70130,29.9472977036,-90.0715089558,4.0,879,1,"{'BusinessParking': ""{'garage': False, 'street': True, 'validated': False, 'lot': False, 'valet': False}"", 'WiFi': ""u'no'"", 'RestaurantsGoodForGroups': 'True', 'RestaurantsReservations': 'True', 'BusinessAcceptsCreditCards': 'True', 'Alcohol': ""'full_bar'"", 'OutdoorSeating': 'True', 'RestaurantsPriceRange2': '3', 'BikeParking': 'True', 'BYOBCorkage': ""'yes_corkage'"", 'Ambience': ""{'romantic': False, 'intimate': False, 'classy': True, 'hipster': False, 'divey': False, 'touristy': False, 'trendy': False, 'upscale': False, 'casual': False}"", 'Corkage': 'True', 'RestaurantsAttire': ""u'dressy'"", 'RestaurantsTableService': 'True', 'Caters': 'False', 'NoiseLevel': ""u'average'"", 'GoodForKids': 'False', 'GoodForMeal': ""{'dessert': None, 'latenight': False, 'lunch': None, 'dinner': True, 'brunch': False, 'breakfast': False}"", 'DogsAllowed': 'False', 'HasTV': 'True', 'RestaurantsTakeOut': 'True', 'RestaurantsDelivery': 'True'}","Seafood, Restaurants, French","{'Monday': '11:30-21:0', 'Tuesday': '11:30-21:0', 'Wednesday': '11:30-21:0', 'Thursday': '11:30-21:0', 'Friday': '11:30-22:0', 'Saturday': '17:30-22:0'}"
YUMJ268M44ji78PXFM3GYg,Shotgun Willie's BBQ,4000 B Gallatin Pike,Nashville,TN,37216,36.219739,-86.726902,4.5,64,1,"{'RestaurantsTableService': 'False', 'BusinessAcceptsCreditCards': 'True', 'WheelchairAccessible': 'True', 'NoiseLevel': ""u'average'"", 'Alcohol': ""u'none'"", 'Corkage': 'False', 'BusinessParking': ""{'garage': False, 'street': True, 'validated': False, 'lot': True, 'valet': False}"", 'HasTV': 'False', 'RestaurantsTakeOut': 'True', 'RestaurantsDelivery': 'False', 'Caters': 'False', 'HappyHour': 'False', 'DogsAllowed': 'False', 'BusinessAcceptsBitcoin': 'False', 'OutdoorSeating': 'True', 'WiFi': ""u'free'"", 'BikeParking': 'True', 'BYOB': 'False', 'RestaurantsPriceRange2': '2'}","Chicken Shop, Barbeque, Food, Desserts, Sandwiches, Restaurants","{'Wednesday': '11:0-15:0', 'Thursday': '11:0-15:0', 'Friday': '11:0-15:0', 'Saturday': '11:0-15:0', 'Sunday': '11:0-15:0'}"
V9VLhHdSFpFi4yXFqVcVEA,P√™che,800 Magazine St,New Orleans,LA,70130,29.9450884,-90.0690928,4.0,1926,1,"{'RestaurantsPriceRange2': '3', 'RestaurantsGoodForGroups': 'True', 'WiFi': ""u'no'"", 'RestaurantsTableService': 'True', 'RestaurantsAttire': ""u'casual'"", 'BikeParking': 'True', 'BusinessAcceptsCreditCards': 'True', 'GoodForKids': 'False', 'RestaurantsReservations': 'True', 'NoiseLevel': ""u'average'"", 'Alcohol': ""u'full_bar'"", 'HasTV': 'False', 'Caters': 'False', 'BusinessParking': ""{u'valet': False, u'garage': False, u'street': True, u'lot': False, u'validated': False}"", 'GoodForMeal': ""{'dessert': None, 'latenight': False, 'lunch': True, 'dinner': True, 'brunch': None, 'breakfast': False}"", 'RestaurantsTakeOut': 'True', 'DogsAllowed': 'False', 'Ambience': ""{'touristy': False, 'hipster': False, 'romantic': False, 'divey': False, 'intimate': False, 'trendy': True, 'upscale': False, 'classy': True, 'casual': False}"", 'RestaurantsDelivery': 'True', 'OutdoorSeating': 'True', 'HappyHour': 'True'}","Seafood, Restaurants","{'Monday': '11:0-21:0', 'Tuesday': '11:0-21:0', 'Wednesday': '11:0-21:0', 'Thursday': '11:0-21:0', 'Friday': '11:0-22:0', 'Saturday': '11:0-22:0', 'Sunday': '11:0-21:0'}"
ALK-7tTvDKAzxAtIiNyh2A,Rolf and Daughters,700 Taylor St,Nashville,TN,37208,36.1774403726,-86.7927687563,4.5,867,1,"{'Alcohol': ""u'full_bar'"", 'HasTV': 'False', 'BusinessParking': ""{'garage': False, 'street': True, 'validated': False, 'lot': False, 'valet': False}"", 'BikeParking': 'True', 'RestaurantsAttire': ""u'casual'"", 'RestaurantsPriceRange2': '3', 'Caters': 'False', 'BusinessAcceptsCreditCards': 'True', 'DogsAllowed': 'False', 'GoodForMeal': ""{'dessert': False, 'latenight': False, 'lunch': False, 'dinner': True, 'brunch': False, 'breakfast': False}"", 'GoodForKids': 'False', 'RestaurantsTakeOut': 'True', 'NoiseLevel': ""u'average'"", 'WiFi': ""u'free'"", 'Ambience': ""{'touristy': False, 'hipster': True, 'romantic': False, 'divey': False, 'intimate': False, 'trendy': True, 'upscale': False, 'classy': True, 'casual': False}"", 'RestaurantsReservations': 'True', 'RestaurantsGoodForGroups': 'True', 'RestaurantsDelivery': 'True', 'OutdoorSeating': 'True'}","Italian, American (New), Restaurants, Mediterranean","{'Monday': '17:0-21:0', 'Tuesday': '17:0-21:0', 'Wednesday': '17:0-21:0', 'Thursday': '17:0-21:0', 'Friday': '17:0-21:0', 'Saturday': '17:0-21:0', 'Sunday': '17:0-21:0'}"
wtwDcp79klLOLaIjCFHQCA,Saffron nola,4128 Magazine St,New Orleans,LA,70115,29.9208222,-90.0987917,4.5,297,1,"{'GoodForKids': 'False', 'BikeParking': 'True', 'HasTV': 'False', 'WiFi': ""u'free'"", 'RestaurantsDelivery': 'False', 'OutdoorSeating': 'False', 'RestaurantsReservations': 'True', 'RestaurantsAttire': ""u'casual'"", 'BusinessParking': ""{'garage': False, 'street': True, 'validated': False, 'lot': False, 'valet': False}"", 'HappyHour': 'False', 'BusinessAcceptsCreditCards': 'True', 'NoiseLevel': ""u'average'"", 'Alcohol': ""u'full_bar'"", 'RestaurantsGoodForGroups': 'True', 'Caters': 'True', 'GoodForDancing': 'False', 'CoatCheck': 'False', 'Music': ""{'dj': False, 'background_music': False, 'no_music': False, 'jukebox': False, 'live': False, 'video': False, 'karaoke': False}"", 'Smoking': ""u'no'"", 'Ambience': ""{'romantic': False, 'intimate': False, 'touristy': False, 'hipster': False, 'divey': False, 'classy': True, 'trendy': False, 'upscale': False, 'casual': False}"", 'GoodForMeal': ""{'dessert': False, 'latenight': False, 'lunch': False, 'dinner': True, 'brunch': False, 'breakfast': False}"", 'DogsAllowed': 'False', 'RestaurantsTakeOut': 'True', 'RestaurantsPriceRange2': '3', 'RestaurantsTableService': 'True', 'BestNights': ""{'monday': False, 'tuesday': False, 'friday': True, 'wednesday': False, 'thursday': True, 'sunday': False, 'saturday': True}""}","American (New), Bars, Cocktail Bars, Indian, Asian Fusion, Food, Restaurants, Nightlife, Seafood","{'Tuesday': '17:0-21:0', 'Wednesday': '17:0-21:0', 'Thursday': '17:0-21:0', 'Friday': '17:0-21:45', 'Saturday': '17:0-20:45'}"
YpJTxfEiXfH3iC9md0zIDg,Cafe Roze,1115 Porter Rd,Nashville,TN,37206,36.1885313,-86.7290353,4.0,255,1,"{'Caters': 'False', 'DogsAllowed': 'False', 'BikeParking': 'False', 'RestaurantsTableService': 'True', 'GoodForKids': 'False', 'BusinessParking': ""{'garage': False, 'street': True, 'validated': False, 'lot': False, 'valet': False}"", 'Alcohol': ""u'full_bar'"", 'RestaurantsGoodForGroups': 'False', 'BestNights': ""{'monday': False, 'tuesday': False, 'friday': False, 'wednesday': False, 'thursday': False, 'sunday': False, 'saturday': False}"", 'RestaurantsAttire': ""'casual'"", 'HappyHour': 'True', 'RestaurantsReservations': 'False', 'Music': ""{'dj': False, 'background_music': False, 'no_music': False, 'jukebox': False, 'live': False, 'video': False, 'karaoke': None}"", 'RestaurantsTakeOut': 'True', 'RestaurantsPriceRange2': '2', 'BusinessAcceptsCreditCards': 'True', 'WiFi': ""u'no'"", 'WheelchairAccessible': 'True', 'GoodForDancing': 'False', 'Ambience': ""{'touristy': False, 'hipster': True, 'romantic': False, 'divey': False, 'intimate': False, 'trendy': True, 'upscale': False, 'classy': True, 'casual': True}"", 'HasTV': 'False', 'OutdoorSeating': 'None', 'NoiseLevel': ""u'average'"", 'CoatCheck': 'False', 'GoodForMeal': ""{u'breakfast': True, u'brunch': True, u'lunch': True, u'dinner': None, u'latenight': False, u'dessert': False}"", 'RestaurantsDelivery': 'True'}","American (New), Restaurants, Bars, Nightlife, Breakfast & Brunch, Cocktail Bars","{'Monday': '8:0-22:0', 'Tuesday': '8:0-22:0', 'Wednesday': '8:0-22:0', 'Thursday': '8:0-22:0', 'Friday': '8:0-22:0', 'Saturday': '8:0-22:0', 'Sunday': '8:0-22:0'}"
OCzo8T-76iJ_QVB2UX5SEQ,Killer Poboys,811 Conti St,New Orleans,LA,70112,29.9566317439,-90.067896514,4.0,1006,1,"{'WiFi': ""u'free'"", 'HasTV': 'True', 'Alcohol': ""u'full_bar'"", 'GoodForKids': 'False', 'NoiseLevel': ""u'loud'"", 'BusinessParking': ""{'garage': False, 'street': True, 'validated': False, 'lot': False, 'valet': False}"", 'RestaurantsAttire': ""u'casual'"", 'RestaurantsPriceRange2': '2', 'RestaurantsReservations': 'False', 'Caters': 'False', 'BikeParking': 'True', 'RestaurantsGoodForGroups': 'False', 'DogsAllowed': 'False', 'RestaurantsTakeOut': 'None', 'GoodForMeal': ""{'dessert': False, 'latenight': None, 'lunch': True, 'dinner': None, 'brunch': False, 'breakfast': False}"", 'Ambience': ""{'touristy': False, 'hipster': None, 'romantic': False, 'divey': True, 'intimate': False, 'trendy': False, 'upscale': False, 'classy': False, 'casual': None}"", 'RestaurantsDelivery': 'None', 'BusinessAcceptsCreditCards': 'True', 'OutdoorSeating': 'None'}","American (New), Sandwiches, Food, Cajun/Creole, Restaurants","{'Monday': '12:0-20:0', 'Wednesday': '12:0-20:0', 'Thursday': '12:0-20:0', 'Friday': '10:0-22:0', 'Saturday': '10:0-22:0', 'Sunday': '10:0-22:0'}"
YrCOY3MmbmLKRJLblmSEgw,Killer Poboys,219 Dauphine St,New Orleans,LA,70112,29.9557105,-90.0698273,4.0,485,1,"{'Alcohol': ""'beer_and_wine'"", 'RestaurantsReservations': 'False', 'RestaurantsDelivery': 'False', 'RestaurantsTableService': 'False', 'GoodForKids': 'True', 'RestaurantsTakeOut': 'True', 'RestaurantsPriceRange2': '2', 'BusinessAcceptsCreditCards': 'True', 'WiFi': ""'no'"", 'HasTV': 'True', 'OutdoorSeating': 'False', 'RestaurantsGoodForGroups': 'True', 'NoiseLevel': ""u'average'"", 'HappyHour': 'False', 'Ambience': ""{u'divey': None, u'hipster': True, u'casual': True, u'touristy': None, u'trendy': None, u'intimate': False, u'romantic': False, u'classy': False, u'upscale': False}"", 'Caters': 'False', 'BikeParking': 'True', 'GoodForMeal': ""{'dessert': False, 'latenight': False, 'lunch': True, 'dinner': None, 'brunch': None, 'breakfast': False}"", 'BusinessParking': ""{u'valet': False, u'garage': False, u'street': True, u'lot': False, u'validated': False}"", 'DogsAllowed': 'False', 'RestaurantsAttire': ""u'casual'""}","Restaurants, Sandwiches, Vegetarian, American (New)","{'Monday': '0:0-0:0', 'Wednesday': '11:0-20:0', 'Thursday': '11:0-15:0', 'Friday': '11:0-20:0', 'Saturday': '11:0-20:0', 'Sunday': '11:0-20:0'}"
3_WGRjRrnZX2b4ZVpjmL6w,Arnold's Country Kitchen,605 8th Ave S,Nashville,TN,37203,36.1514614,-86.779595,4.5,1076,1,"{'BusinessParking': ""{'garage': False, 'street': False, 'validated': False, 'lot': True, 'valet': False}"", 'GoodForKids': 'True', 'RestaurantsReservations': 'False', 'Corkage': 'False', 'RestaurantsTakeOut': 'True', 'RestaurantsGoodForGroups': 'True', 'BusinessAcceptsCreditCards': 'True', 'BYOBCorkage': ""'yes_free'"", 'RestaurantsAttire': ""'casual'"", 'NoiseLevel': ""u'average'"", 'Caters': 'True', 'BikeParking': 'True', 'Ambience': ""{'romantic': False, 'intimate': False, 'classy': False, 'hipster': False, 'divey': False, 'touristy': False, 'trendy': False, 'upscale': False, 'casual': False}"", 'ByAppointmentOnly': 'False', 'DriveThru': 'None', 'RestaurantsTableService': 'False', 'BusinessAcceptsBitcoin': 'False', 'GoodForMeal': ""{'dessert': False, 'latenight': False, 'lunch': True, 'dinner': False, 'brunch': False, 'breakfast': False}"", 'OutdoorSeating': 'True', 'RestaurantsPriceRange2': '2', 'HasTV': 'True', 'BYOB': 'False', 'HappyHour': 'False', 'WiFi': ""u'free'"", 'Alcohol': ""u'full_bar'"", 'DogsAllowed': 'False', 'RestaurantsDelivery': 'True', 'WheelchairAccessible': 'True'}","Comfort Food, Southern, Desserts, Food, Restaurants","{'Monday': '10:30-14:45', 'Tuesday': '10:30-14:45', 'Wednesday': '17:0-22:0', 'Thursday': '17:0-22:0', 'Friday': '17:0-22:0', 'Saturday': '11:0-23:0'}"
tdXlu_cPzrgDuuZbc6He9A,Arnold's Country Kitchen,2209 Abbott Martin Rd,Nashville,TN,37215,36.1058335223,-86.8199225555,3.5,13,0,"{'RestaurantsReservations': 'False', 'GoodForKids': 'True', 'OutdoorSeating': 'False', 'RestaurantsDelivery': 'False', 'BikeParking': 'True', 'RestaurantsAttire': ""'casual'"", 'BusinessAcceptsCreditCards': 'True', 'RestaurantsGoodForGroups': 'True', 'RestaurantsTakeOut': 'True'}","Restaurants, Southern, American (New), Soul Food","{'Monday': '10:30-15:0', 'Tuesday': '10:30-15:0', 'Wednesday': '10:30-15:0', 'Thursday': '10:30-15:0', 'Friday': '10:30-15:0'}"
PY-4hEsPy-xKr20P9qTIew,International Market,2013 Belmont Blvd,Nashville,TN,37212,36.1317395664,-86.7959668347,4.5,19,1,"{'RestaurantsPriceRange2': '1', 'BusinessAcceptsCreditCards': 'True', 'BikeParking': 'True', 'RestaurantsTakeOut': 'None', 'BusinessParking': ""{u'valet': False, u'garage': False, u'street': None, u'lot': None, u'validated': False}""}","Ethnic Food, Specialty Food, Food, Imported Food","{'Monday': '0:0-0:0', 'Wednesday': '11:0-16:0', 'Thursday': '11:0-16:0', 'Friday': '17:0-22:0', 'Saturday': '17:0-22:0', 'Sunday': '15:0-22:0'}"
_Sa_9OJ1GMW72ZFUR4zYYA,Audrey,809 Meridian St,Nashville,TN,37207,36.1845011,-86.7679733,4.0,17,1,"{'Ambience': ""{u'divey': None, u'hipster': None, u'casual': None, u'touristy': None, u'trendy': True, u'intimate': None, u'romantic': None, u'classy': None, u'upscale': None}""}","Diners, Restaurants",
Ed5e1KqM3mihmexmVIjXwA,Folk,823 Meridian St,Nashville,TN,37207,36.185558,-86.767968,4.0,183,1,"{'WiFi': ""'free'"", 'RestaurantsReservations': 'True', 'RestaurantsDelivery': 'True', 'GoodForKids': 'False', 'GoodForMeal': ""{'dessert': True, 'latenight': None, 'lunch': None, 'dinner': True, 'brunch': None, 'breakfast': None}"", 'Alcohol': ""u'full_bar'"", 'Ambience': ""{'touristy': False, 'hipster': False, 'romantic': False, 'divey': False, 'intimate': False, 'trendy': False, 'upscale': False, 'classy': True, 'casual': False}"", 'RestaurantsGoodForGroups': 'False', 'BusinessAcceptsCreditCards': 'True', 'OutdoorSeating': 'None', 'RestaurantsPriceRange2': '3', 'BusinessParking': ""{'garage': None, 'street': True, 'validated': None, 'lot': True, 'valet': False}"", 'HasTV': 'True', 'RestaurantsTakeOut': 'None'}","American (New), Restaurants","{'Monday': '17:0-22:0', 'Tuesday': '17:0-22:0', 'Wednesday': '17:0-22:0', 'Thursday': '17:0-22:0', 'Friday': '17:0-22:0', 'Saturday': '17:0-22:0', 'Sunday': '17:0-22:0'}"
H5KRna9A6mDQEJ2ZN0zL6g,La Petite Grocery,4238 Magazine St,New Orleans,LA,70115,29.9206555,-90.1000744,4.0,715,1,"{'RestaurantsPriceRange2': '3', 'BusinessAcceptsCreditCards': 'True', 'RestaurantsGoodForGroups': 'True', 'WiFi': ""u'no'"", 'Alcohol': ""u'full_bar'"", 'GoodForKids': 'False', 'Ambience': ""{'romantic': False, 'intimate': False, 'classy': True, 'hipster': False, 'divey': False, 'touristy': False, 'trendy': False, 'upscale': False, 'casual': False}"", 'NoiseLevel': ""u'average'"", 'RestaurantsReservations': 'True', 'BikeParking': 'True', 'HappyHour': 'True', 'GoodForMeal': ""{'dessert': None, 'latenight': False, 'lunch': None, 'dinner': True, 'brunch': None, 'breakfast': False}"", 'RestaurantsDelivery': 'True', 'RestaurantsTakeOut': 'True', 'HasTV': 'True', 'RestaurantsAttire': ""u'casual'"", 'DogsAllowed': 'False', 'OutdoorSeating': 'None', 'BusinessParking': ""{'garage': False, 'street': True, 'validated': False, 'lot': False, 'valet': False}"", 'WheelchairAccessible': 'True', 'RestaurantsTableService': 'True', 'Caters': 'True'}","Restaurants, Wine Bars, Food, Brasseries, Bars, American (New), Breakfast & Brunch, Nightlife, Modern European, French, Cajun/Creole, Southern","{'Monday': '17:0-21:30', 'Tuesday': '17:0-21:30', 'Wednesday': '17:0-21:30', 'Thursday': '17:0-21:30', 'Friday': '17:0-22:30', 'Saturday': '17:0-22:30', 'Sunday': '17:0-21:30'}"
cIzp7QZOaUyRLl3ZcwsrHw,Addis Nola,424 S Broad St,New Orleans,LA,70119,29.9621191,-90.0899073,4.5,152,1,"{'BusinessParking': ""{'garage': False, 'street': False, 'validated': False, 'lot': True, 'valet': False}"", 'BusinessAcceptsCreditCards': 'True', 'BikeParking': 'True', 'WheelchairAccessible': 'True', 'RestaurantsTakeOut': 'True', 'Alcohol': ""u'beer_and_wine'"", 'BYOB': 'False', 'Caters': 'True', 'RestaurantsReservations': 'True', 'HappyHour': 'True', 'RestaurantsDelivery': 'False', 'HasTV': 'False', 'OutdoorSeating': 'False', 'GoodForKids': 'True', 'Ambience': ""{u'divey': None, u'hipster': None, u'casual': True, u'touristy': None, u'trendy': None, u'intimate': None, u'romantic': False, u'classy': False, u'upscale': False}"", 'BusinessAcceptsBitcoin': 'False', 'RestaurantsTableService': 'False', 'RestaurantsPriceRange2': '2', 'GoodForMeal': ""{'dessert': None, 'latenight': None, 'lunch': None, 'dinner': True, 'brunch': None, 'breakfast': None}"", 'WiFi': ""u'free'"", 'RestaurantsGoodForGroups': 'True', 'Corkage': 'True', 'DogsAllowed': 'True'}","Vegan, Comfort Food, Restaurants, Ethiopian, African, Vegetarian, Seafood","{'Monday': '0:0-0:0', 'Tuesday': '11:0-21:0', 'Wednesday': '11:0-21:0', 'Thursday': '11:0-21:0', 'Friday': '11:0-21:0', 'Saturday': '11:0-21:0', 'Sunday': '11:0-21:0'}"
I0I2mkCOPTYVSLpc8A8VVw,Comp√®re Lapin,535 Tchoupitoulas St,New Orleans,LA,70130,29.9479047,-90.067498,4.5,804,1,"{'RestaurantsReservations': 'True', 'RestaurantsDelivery': 'False', 'RestaurantsTakeOut': 'True', 'WiFi': ""u'free'"", 'ByAppointmentOnly': 'False', 'Caters': 'False', 'RestaurantsTableService': 'True', 'HappyHour': 'True', 'GoodForKids': 'False', 'GoodForMeal': ""{'dessert': None, 'latenight': False, 'lunch': True, 'dinner': True, 'brunch': None, 'breakfast': False}"", 'BusinessAcceptsCreditCards': 'True', 'WheelchairAccessible': 'True', 'RestaurantsGoodForGroups': 'True', 'Ambience': ""{'touristy': False, 'hipster': False, 'romantic': False, 'divey': False, 'intimate': False, 'trendy': True, 'upscale': False, 'classy': True, 'casual': False}"", 'DogsAllowed': 'False', 'BikeParking': 'True', 'BusinessAcceptsBitcoin': 'False', 'BusinessParking': ""{'garage': False, 'street': True, 'validated': False, 'lot': True, 'valet': True}"", 'NoiseLevel': ""u'average'"", 'Alcohol': ""u'full_bar'"", 'RestaurantsAttire': ""'casual'"", 'RestaurantsPriceRange2': '3', 'OutdoorSeating': 'False', 'HasTV': 'True'}","Personal Chefs, Event Planning & Services, Restaurants, Caribbean, American (New), American (Traditional), French","{'Tuesday': '11:30-14:30', 'Wednesday': '17:30-21:0', 'Thursday': '17:30-21:0', 'Friday': '17:30-22:0', 'Saturday': '17:30-22:0', 'Sunday': '10:30-14:0'}"
